title,url,ingredients,instructions
Unknown,https://minimalistbaker.com/recipe-index/,[],[]
Unknown,https://minimalistbaker.com/recipe-index/?fwp_special-diet=vegan,[],[]
Unknown,https://minimalistbaker.com/recipe-index/?fwp_special-diet=gluten-free,[],[]
Unknown,https://minimalistbaker.com/,[],[]
Unknown,https://minimalistbaker.com/about/,[],[]
Unknown,https://minimalistbaker.com/shop/,[],[]
Unknown,https://minimalistbaker.com/resources/,[],[]
Unknown,https://minimalistbaker.com/recipe-index/,[],[]
Unknown,https://minimalistbaker.com/recipe-index/?fwp_special-diet=vegan,[],[]
Unknown,https://minimalistbaker.com/recipe-index/?fwp_special-diet=gluten-free,[],[]
Jerk Tofu & Roasted Plantain Bowls,https://minimalistbaker.com/jerk-tofu-roasted-plantain-bowls/,"['1/4cupDIY Jamaican Jerk Seasoning(or similar store-bought spice rub)', '2Tbspolive oil', '2Tbsptamari (ensure gluten-free as needed)', '1Tbspmaple syrup', '1(14-16 oz.) packagesuper firm tofu*', '2ripeplantains(yellow with brown spots) // 2 plantains yield ~2 cups or 370 g sliced)', '1/2cupfreshly chopped parsley(or sub cilantro)', '1/4cuptahini', '3Tbsplime juice(2 limes yield ~3 Tbsp or 45 ml)', '2Tbspolive oil(optional// for extra creaminess/balance)', '1/2-1tsptamari', '1tspmaple syrup', '1/4-1/3cupwater(to blend)', 'Mango Cucumber Salad(or sub store-bought mango salsa)', 'Avocado orguacamole(optional)']","['Before preheating, arrange two oven racks so that two baking sheets will fit in your oven. Preheat the oven to 425 F (218 C) and line two standard-size baking sheets with parchment paper.', 'In a small mixing bowl, combine the jerk seasoning with the olive oil, tamari, and maple syrup and whisk to combine. This is your jerk sauce.', 'TOFU: Crumble the tofu into pieces ~1/2-inch in size and arrange them on one of the parchment-lined baking sheets. Add about half of the jerk sauce and toss to evenly coat the tofu. Once the oven is preheated, bake for 10 minutes while you prepare the plantains.', 'PLANTAINS: To cut the plantains, trim and discard the ends. Then use the tip of your knife to make a shallow cut lengthwise through the peel, doing your best not to pierce the flesh of the plantain. Remove the peel and slice the plantain on an angle into 1/4-inch slices. Add to the other baking sheet and add the remaining jerk sauce. Toss to evenly coat, and spread out the plantains on the baking sheet.', 'Remove the tofu from the oven and toss. Return the tofu to the oven and add the plantains to the other rack. Bake for 16-20 minutes, tossing the plantains halfway through, until the tofu is darkened and crispy and the plantains are tender and caramelized.', 'Meanwhile, prepare themango cucumber saladand make the parsley tahini sauce (see next step).', 'PARSLEY TAHINI SAUCE: To a blender, add all the sauce ingredients (starting with the lesser amount of tamari) and blend until smooth and well combined. Taste and adjust as needed, adding more water if necessary for thinning/blending, more lime juice for zing, more tamari for saltiness, or more maple syrup for sweetness.', 'To serve, divide tofu and plantains between serving bowls and add the mango cucumber salad along with avocado or guacamole (optional). Drizzle with parsley tahini sauce and enjoy!', 'Best when fresh, but leftovers keep in the refrigerator (in separate containers) for 2-3 days.']"
Jerk Tofu & Roasted Plantain Bowls,https://minimalistbaker.com/jerk-tofu-roasted-plantain-bowls/,"['1/4cupDIY Jamaican Jerk Seasoning(or similar store-bought spice rub)', '2Tbspolive oil', '2Tbsptamari (ensure gluten-free as needed)', '1Tbspmaple syrup', '1(14-16 oz.) packagesuper firm tofu*', '2ripeplantains(yellow with brown spots) // 2 plantains yield ~2 cups or 370 g sliced)', '1/2cupfreshly chopped parsley(or sub cilantro)', '1/4cuptahini', '3Tbsplime juice(2 limes yield ~3 Tbsp or 45 ml)', '2Tbspolive oil(optional// for extra creaminess/balance)', '1/2-1tsptamari', '1tspmaple syrup', '1/4-1/3cupwater(to blend)', 'Mango Cucumber Salad(or sub store-bought mango salsa)', 'Avocado orguacamole(optional)']","['Before preheating, arrange two oven racks so that two baking sheets will fit in your oven. Preheat the oven to 425 F (218 C) and line two standard-size baking sheets with parchment paper.', 'In a small mixing bowl, combine the jerk seasoning with the olive oil, tamari, and maple syrup and whisk to combine. This is your jerk sauce.', 'TOFU: Crumble the tofu into pieces ~1/2-inch in size and arrange them on one of the parchment-lined baking sheets. Add about half of the jerk sauce and toss to evenly coat the tofu. Once the oven is preheated, bake for 10 minutes while you prepare the plantains.', 'PLANTAINS: To cut the plantains, trim and discard the ends. Then use the tip of your knife to make a shallow cut lengthwise through the peel, doing your best not to pierce the flesh of the plantain. Remove the peel and slice the plantain on an angle into 1/4-inch slices. Add to the other baking sheet and add the remaining jerk sauce. Toss to evenly coat, and spread out the plantains on the baking sheet.', 'Remove the tofu from the oven and toss. Return the tofu to the oven and add the plantains to the other rack. Bake for 16-20 minutes, tossing the plantains halfway through, until the tofu is darkened and crispy and the plantains are tender and caramelized.', 'Meanwhile, prepare themango cucumber saladand make the parsley tahini sauce (see next step).', 'PARSLEY TAHINI SAUCE: To a blender, add all the sauce ingredients (starting with the lesser amount of tamari) and blend until smooth and well combined. Taste and adjust as needed, adding more water if necessary for thinning/blending, more lime juice for zing, more tamari for saltiness, or more maple syrup for sweetness.', 'To serve, divide tofu and plantains between serving bowls and add the mango cucumber salad along with avocado or guacamole (optional). Drizzle with parsley tahini sauce and enjoy!', 'Best when fresh, but leftovers keep in the refrigerator (in separate containers) for 2-3 days.']"
Unknown,https://minimalistbaker.com/recipe-index/?fwp_special-diet=gluten-free,[],[]
Unknown,https://minimalistbaker.com/recipe-index/?fwp_special-diet=vegan,[],[]
Unknown,https://minimalistbaker.com/recipe-index/?fwp_special-diet=vegetarian,[],[]
Unknown,https://minimalistbaker.com/recipe-index/?fwp_special-diet=dairy-free,[],[]
Easy Mango Cucumber Salad,https://minimalistbaker.com/easy-mango-cucumber-salad/,"['2 ½cupschopped ripe mango, cut into small cubes(2-3 large mangoes yield ~2 ½ cups or 550 g)', '2cupscucumber, cut into small cubes(we prefer English cucumber // 1 large cucumber yields ~2 cups or 250 g)', '1cupcherry tomatoes, quartered', '2Tbspfinely minced shallot(1 small shallot yields ~2 Tbsp or 20 g // or sub red onion)', '2Tbspfinely chopped fresh cilantro or parsley', '2Tbsplime juice(1 lime yields ~2 Tbsp or 30 ml)', '1/2tspmaple syrup(optional, depending on how ripe/sweet your mango is)', '1/2tspsea salt']","['In a medium mixing or serving bowl, combine the chopped mango, chopped cucumber, quartered cherry tomatoes, minced shallot, and chopped cilantro or parsley. Toss to combine, then add the lime juice, maple syrup (optional), and salt and toss until evenly coated. Taste and adjust, adding more lime juice for brightness, maple syrup for sweetness, or salt for overall balance.', 'Enjoy! This salad is delicious with smoky or spicy mains like ourJerk Tofu & Roasted Plantain Bowls,Smoky Lentil Tacos,Black Bean Plantain Enchilada Bake, orSpicy Baked Fish Tacos. Leftovers keep for 2-3 days in the refrigerator. Not freezer friendly.']"
Easy Mango Cucumber Salad,https://minimalistbaker.com/easy-mango-cucumber-salad/,"['2 ½cupschopped ripe mango, cut into small cubes(2-3 large mangoes yield ~2 ½ cups or 550 g)', '2cupscucumber, cut into small cubes(we prefer English cucumber // 1 large cucumber yields ~2 cups or 250 g)', '1cupcherry tomatoes, quartered', '2Tbspfinely minced shallot(1 small shallot yields ~2 Tbsp or 20 g // or sub red onion)', '2Tbspfinely chopped fresh cilantro or parsley', '2Tbsplime juice(1 lime yields ~2 Tbsp or 30 ml)', '1/2tspmaple syrup(optional, depending on how ripe/sweet your mango is)', '1/2tspsea salt']","['In a medium mixing or serving bowl, combine the chopped mango, chopped cucumber, quartered cherry tomatoes, minced shallot, and chopped cilantro or parsley. Toss to combine, then add the lime juice, maple syrup (optional), and salt and toss until evenly coated. Taste and adjust, adding more lime juice for brightness, maple syrup for sweetness, or salt for overall balance.', 'Enjoy! This salad is delicious with smoky or spicy mains like ourJerk Tofu & Roasted Plantain Bowls,Smoky Lentil Tacos,Black Bean Plantain Enchilada Bake, orSpicy Baked Fish Tacos. Leftovers keep for 2-3 days in the refrigerator. Not freezer friendly.']"
Unknown,https://minimalistbaker.com/recipe-index/?fwp_special-diet=gluten-free,[],[]
Unknown,https://minimalistbaker.com/recipe-index/?fwp_special-diet=vegan,[],[]
Unknown,https://minimalistbaker.com/recipe-index/?fwp_special-diet=vegetarian,[],[]
Unknown,https://minimalistbaker.com/recipe-index/?fwp_special-diet=dairy-free,[],[]
Unknown,https://minimalistbaker.com/recipe-index/?fwp_special-diet=refined-sugar-free,[],[]
No-Bake Vegan Chocolate Cheesecake Cups (5 Minutes!),https://minimalistbaker.com/vegan-chocolate-cheesecake-cups/,"['1heaping cupOreo-style cookies(ensure vegan/gluten-free as needed —homemadeorstore-bought// include the cream filling)', '1 ½cupsraw cashews', '3/4-1cupplain, unsweetened coconut yogurt(or store-bought // we like Culina, Cocojune, and Coyo)', '1/3cupmaple syrup', '2-3tsplemon juice(freshly squeezed)', '1/8heaped tspsea salt', '1/2cupdark chocolate chips, melted(ensure vegan/dairy-free as needed // we likeEnjoy Life// or use bittersweet chocolate chips if you prefer less sweetness)', 'Fresh raspberries(orEasy Raspberry Compote)']","['If you’re serving with the raspberry compote, begin preparing it at this time, usingthis recipe. Set aside.', 'CRUST (optional): Place the chocolate cookies in ahigh-speed blenderand pulse a few times until no large pieces remain.', 'Divide the crushed cookie crumbs evenly between ~6 oz. jars or glasses, adding ~2-3 tablespoons of cookie crumbs per container. Rinse your blender if necessary.', 'CHEESECAKE: Melt the chocolate chips in a heat-proof bowl in the microwave in 15-second increments. You can also do this on the stovetop by adding the chocolate chips to a small glass or metal bowl and carefully placing the bowl on top of a saucepan with simmering water. Heat, stirring occasionally with a spatula or spoon, until melted (~5 minutes).', 'To the rinsed high-speed blender*, add cashews, coconut yogurt (starting with the lesser amount), maple syrup, lemon juice, and salt and blend on high for 1-2 minutes, using the tamper to mix and scraping down the sides and underneath the blades as needed. If the mixture is having trouble blending, you can add the melted chocolate in now (you just don’t want to add it to very cold ingredients because it can cause the mixture to seize up). Otherwise, blend until smooth before adding the melted chocolate. If it’s still struggling to blend, you can add more coconut yogurt, maple syrup, or lemon juice! Taste and adjust as needed, adding more coconut yogurt for fluffiness, maple syrup for sweetness, or lemon juice for a tangy cheesecake flavor.', 'To assemble your cheesecake cups, top the cookie crumb layer in each jar/glass with ~1/4 cup of the cheesecake mixture and 1 Tbsp of the raspberry compote (if using).', 'Serve at room temperature or refrigerate for 30 minutes to 1 hour before serving (our preference). The filling will thicken as it cools. When ready to serve, top the cheesecake with fresh raspberries (if not including the raspberry compote).', 'Store covered cheesecakes in the refrigerator for up to 2-3 days or in the freezer for up to 1 month. If not enjoying them within a few hours, we suggest adding the berries right before serving! If frozen, let thaw before enjoying. The texture will be slightly less creamy after freezing but still very delicious!']"
No-Bake Vegan Chocolate Cheesecake Cups (5 Minutes!),https://minimalistbaker.com/vegan-chocolate-cheesecake-cups/,"['1heaping cupOreo-style cookies(ensure vegan/gluten-free as needed —homemadeorstore-bought// include the cream filling)', '1 ½cupsraw cashews', '3/4-1cupplain, unsweetened coconut yogurt(or store-bought // we like Culina, Cocojune, and Coyo)', '1/3cupmaple syrup', '2-3tsplemon juice(freshly squeezed)', '1/8heaped tspsea salt', '1/2cupdark chocolate chips, melted(ensure vegan/dairy-free as needed // we likeEnjoy Life// or use bittersweet chocolate chips if you prefer less sweetness)', 'Fresh raspberries(orEasy Raspberry Compote)']","['If you’re serving with the raspberry compote, begin preparing it at this time, usingthis recipe. Set aside.', 'CRUST (optional): Place the chocolate cookies in ahigh-speed blenderand pulse a few times until no large pieces remain.', 'Divide the crushed cookie crumbs evenly between ~6 oz. jars or glasses, adding ~2-3 tablespoons of cookie crumbs per container. Rinse your blender if necessary.', 'CHEESECAKE: Melt the chocolate chips in a heat-proof bowl in the microwave in 15-second increments. You can also do this on the stovetop by adding the chocolate chips to a small glass or metal bowl and carefully placing the bowl on top of a saucepan with simmering water. Heat, stirring occasionally with a spatula or spoon, until melted (~5 minutes).', 'To the rinsed high-speed blender*, add cashews, coconut yogurt (starting with the lesser amount), maple syrup, lemon juice, and salt and blend on high for 1-2 minutes, using the tamper to mix and scraping down the sides and underneath the blades as needed. If the mixture is having trouble blending, you can add the melted chocolate in now (you just don’t want to add it to very cold ingredients because it can cause the mixture to seize up). Otherwise, blend until smooth before adding the melted chocolate. If it’s still struggling to blend, you can add more coconut yogurt, maple syrup, or lemon juice! Taste and adjust as needed, adding more coconut yogurt for fluffiness, maple syrup for sweetness, or lemon juice for a tangy cheesecake flavor.', 'To assemble your cheesecake cups, top the cookie crumb layer in each jar/glass with ~1/4 cup of the cheesecake mixture and 1 Tbsp of the raspberry compote (if using).', 'Serve at room temperature or refrigerate for 30 minutes to 1 hour before serving (our preference). The filling will thicken as it cools. When ready to serve, top the cheesecake with fresh raspberries (if not including the raspberry compote).', 'Store covered cheesecakes in the refrigerator for up to 2-3 days or in the freezer for up to 1 month. If not enjoying them within a few hours, we suggest adding the berries right before serving! If frozen, let thaw before enjoying. The texture will be slightly less creamy after freezing but still very delicious!']"
Unknown,https://minimalistbaker.com/recipe-index/?fwp_special-diet=gluten-free,[],[]
Unknown,https://minimalistbaker.com/recipe-index/?fwp_special-diet=vegan,[],[]
Unknown,https://minimalistbaker.com/recipe-index/?fwp_special-diet=vegetarian,[],[]
Unknown,https://minimalistbaker.com/recipe-index/?fwp_special-diet=dairy-free,[],[]
Cucumber Lime Agua Fresca,https://minimalistbaker.com/cucumber-lime-agua-fresca/,"['3cupswater', '2mediumcucumbers, roughly chopped(2 medium cucumbers yield ~4 cups or 450 g chopped)', '3mediumlimes, juiced(3 medium limes yield ~1/4 cup or 60 ml juice)', '2-3Tbspagave nectar or maple syrup', '1small handfulfresh mint leaves(optional but highly recommended // 1 small handful yields ~15-20 leaves)', 'Ice cubes(for serving)']","['Before blending, we recommend tasting your cucumbers to see if the peel is bitter. We left our peels on for vibrant color and flavor, but bitter peels should be removed.', 'Add all ingredients to a blender (starting with the lesser amount of agave or maple syrup) and blend until completely smooth. Pour through a fine mesh strainer over a large bowl or measuring cup to remove pulp, using a spoon to move it around and speed up straining as needed. Taste and adjust, adding more agave or maple syrup for sweetness or more lime juice for tartness.', 'Serve chilled, over ice. Leftovers keep for 1-2 days in the refrigerator, or can be frozen intoice cubesor popsicle molds!']"
Cucumber Lime Agua Fresca,https://minimalistbaker.com/cucumber-lime-agua-fresca/,"['3cupswater', '2mediumcucumbers, roughly chopped(2 medium cucumbers yield ~4 cups or 450 g chopped)', '3mediumlimes, juiced(3 medium limes yield ~1/4 cup or 60 ml juice)', '2-3Tbspagave nectar or maple syrup', '1small handfulfresh mint leaves(optional but highly recommended // 1 small handful yields ~15-20 leaves)', 'Ice cubes(for serving)']","['Before blending, we recommend tasting your cucumbers to see if the peel is bitter. We left our peels on for vibrant color and flavor, but bitter peels should be removed.', 'Add all ingredients to a blender (starting with the lesser amount of agave or maple syrup) and blend until completely smooth. Pour through a fine mesh strainer over a large bowl or measuring cup to remove pulp, using a spoon to move it around and speed up straining as needed. Taste and adjust, adding more agave or maple syrup for sweetness or more lime juice for tartness.', 'Serve chilled, over ice. Leftovers keep for 1-2 days in the refrigerator, or can be frozen intoice cubesor popsicle molds!']"
Unknown,https://minimalistbaker.com/recipe-index/?fwp_special-diet=gluten-free,[],[]
Unknown,https://minimalistbaker.com/recipe-index/?fwp_special-diet=vegan,[],[]
Unknown,https://minimalistbaker.com/recipe-index/?fwp_special-diet=vegetarian,[],[]
Unknown,https://minimalistbaker.com/recipe-index/?fwp_special-diet=dairy-free,[],[]
Unknown,https://minimalistbaker.com/recipe-index/?fwp_special-diet=refined-sugar-free,[],[]
Creamy Mocha Chia Pudding,https://minimalistbaker.com/creamy-mocha-chia-pudding/,"['3/4cupbrewed coffee', '1cupdairy-free milk(plain, unsweetened // we used half almond milk + half canned light coconut milk // or use other milk of choice — a mix of a richer + a lighter milk is nice)', '3-5Tbspmaple syrup', '2Tbspcocoa powder', '3/4tspvanilla extract', '1pinchsea salt', '1/2cupchia seeds', 'Coconut whipped cream', 'Dusting of cocoa powder(or grated dark chocolate)', 'Dusting of cinnamon']","[""If you don't already have brewed coffee, prepare it at this time using your preferred method (we likecold breworpour-over). Set aside to cool slightly (warm or room temperature are okay, or you can make it ahead and use chilled)."", 'To a mixing bowl (or container with a lid), add dairy-free milk, brewed coffee, the lesser amount of maple syrup, cocoa powder, vanilla extract, and sea salt. Whisk vigorously, side to side is best, to combine and break up any clumps of cocoa powder. If there are any stubborn clumps, you can transfer to a blender to fully combine. Taste and adjust, adding more maple syrup for sweetness.', 'Then add the chia seeds and mix until well combined. Cover and refrigerate for 45-60 minutes (or overnight). We recommend stirring again around the 15-minute mark to break up any big clumps. The chia pudding should be very thick and creamy. If it’s not, give it another stir and/or add more chia seeds, stir, and refrigerate for another hour or so. If you prefer a thinner pudding, you can stir in more dairy-free milk.', 'Once pudding has fully set, divide between serving containers and serve with (all optional!) coconut whipped cream and a dusting of cocoa powder and cinnamon. Leftover pudding will keep covered in the refrigerator for up to 4-5 days. Not freezer friendly.']"
Creamy Mocha Chia Pudding,https://minimalistbaker.com/creamy-mocha-chia-pudding/,"['3/4cupbrewed coffee', '1cupdairy-free milk(plain, unsweetened // we used half almond milk + half canned light coconut milk // or use other milk of choice — a mix of a richer + a lighter milk is nice)', '3-5Tbspmaple syrup', '2Tbspcocoa powder', '3/4tspvanilla extract', '1pinchsea salt', '1/2cupchia seeds', 'Coconut whipped cream', 'Dusting of cocoa powder(or grated dark chocolate)', 'Dusting of cinnamon']","[""If you don't already have brewed coffee, prepare it at this time using your preferred method (we likecold breworpour-over). Set aside to cool slightly (warm or room temperature are okay, or you can make it ahead and use chilled)."", 'To a mixing bowl (or container with a lid), add dairy-free milk, brewed coffee, the lesser amount of maple syrup, cocoa powder, vanilla extract, and sea salt. Whisk vigorously, side to side is best, to combine and break up any clumps of cocoa powder. If there are any stubborn clumps, you can transfer to a blender to fully combine. Taste and adjust, adding more maple syrup for sweetness.', 'Then add the chia seeds and mix until well combined. Cover and refrigerate for 45-60 minutes (or overnight). We recommend stirring again around the 15-minute mark to break up any big clumps. The chia pudding should be very thick and creamy. If it’s not, give it another stir and/or add more chia seeds, stir, and refrigerate for another hour or so. If you prefer a thinner pudding, you can stir in more dairy-free milk.', 'Once pudding has fully set, divide between serving containers and serve with (all optional!) coconut whipped cream and a dusting of cocoa powder and cinnamon. Leftover pudding will keep covered in the refrigerator for up to 4-5 days. Not freezer friendly.']"
Unknown,https://minimalistbaker.com/recipe-index/?fwp_special-diet=gluten-free,[],[]
Unknown,https://minimalistbaker.com/recipe-index/?fwp_special-diet=vegan,[],[]
Unknown,https://minimalistbaker.com/recipe-index/?fwp_special-diet=vegetarian,[],[]
Unknown,https://minimalistbaker.com/recipe-index/?fwp_special-diet=dairy-free,[],[]
Unknown,https://minimalistbaker.com/recipe-index/?fwp_special-diet=refined-sugar-free,[],[]
Easy Raspberry Compote (Naturally Sweetened),https://minimalistbaker.com/easy-raspberry-compote/,"['3cupsraspberries(fresh or frozen)', '1/4cupmaple syrup', '1pinchsea salt(optional)']","['Place raspberries and maple syrup in a small saucepan and bring to medium heat.', 'Once bubbling, reduce heat slightly and use a wooden spoon orpotato masherto muddle and mash the fruit.', 'Continue cooking over medium-low heat (uncovered) for 10-12 minutes, mashing occasionally to combine until the volume is reduced to about half and it’s slightly thickened. Turn off the heat and adjust the flavor as needed, adding more maple syrup for sweetness and the optional pinch of salt to balance the flavor and reduce any bitterness.', 'Remove from the heat and let cool slightly. It will thicken more as it cools, but it can be enjoyed warm or at room temperature. If you prefer your compote without seeds, you can strain it after cooling. We like straining half of the compote (it minimizes the crunch from the seeds but ensures the compote is thick with a noticeable raspberry appearance). To strain, set afine mesh strainerover a bowl, pour the compote into the strainer, and stir with a spoon to encourage it to move through the strainer.', 'Enjoy withoats,pancakes,waffles,crepes,French toast,cheesecake, and more! Leftover compote will keep in the refrigerator for 1 week or in the freezer for 1 month. We like to freeze in an ice cube tray to make it easy to defrost small amounts. When ready to use, reheat in the microwave or on the stovetop until warm.']"
Easy Raspberry Compote (Naturally Sweetened),https://minimalistbaker.com/easy-raspberry-compote/,"['3cupsraspberries(fresh or frozen)', '1/4cupmaple syrup', '1pinchsea salt(optional)']","['Place raspberries and maple syrup in a small saucepan and bring to medium heat.', 'Once bubbling, reduce heat slightly and use a wooden spoon orpotato masherto muddle and mash the fruit.', 'Continue cooking over medium-low heat (uncovered) for 10-12 minutes, mashing occasionally to combine until the volume is reduced to about half and it’s slightly thickened. Turn off the heat and adjust the flavor as needed, adding more maple syrup for sweetness and the optional pinch of salt to balance the flavor and reduce any bitterness.', 'Remove from the heat and let cool slightly. It will thicken more as it cools, but it can be enjoyed warm or at room temperature. If you prefer your compote without seeds, you can strain it after cooling. We like straining half of the compote (it minimizes the crunch from the seeds but ensures the compote is thick with a noticeable raspberry appearance). To strain, set afine mesh strainerover a bowl, pour the compote into the strainer, and stir with a spoon to encourage it to move through the strainer.', 'Enjoy withoats,pancakes,waffles,crepes,French toast,cheesecake, and more! Leftover compote will keep in the refrigerator for 1 week or in the freezer for 1 month. We like to freeze in an ice cube tray to make it easy to defrost small amounts. When ready to use, reheat in the microwave or on the stovetop until warm.']"
Unknown,https://minimalistbaker.com/recipe-index/?fwp_special-diet=gluten-free,[],[]
Unknown,https://minimalistbaker.com/recipe-index/?fwp_special-diet=vegan,[],[]
Unknown,https://minimalistbaker.com/recipe-index/?fwp_special-diet=vegetarian,[],[]
Unknown,https://minimalistbaker.com/recipe-index/?fwp_special-diet=dairy-free,[],[]
Unknown,https://minimalistbaker.com/recipe-index/?fwp_special-diet=refined-sugar-free,[],[]
Creamy Tuscan Shrimp Pasta (Dairy-Free),https://minimalistbaker.com/creamy-tuscan-shrimp-pasta-dairy-free/,"['1/2cupraw cashews, soaked', '1 ¼cupwater(plus more for soaking cashews)', '1(8 oz.) boxfettuccine or spaghetti(we likeJovial fettuccine// ensure gluten-free as needed)', '1lbraw shrimp*, peeled and deveined with tails removed(thaw and pat dry if frozen*)', '2Tbspolive oil', '2mediumshallots, minced(2 shallots yield ~80 g or 1/2 cup)', '6-8medium clovesgarlic, minced(6-8 cloves garlic yield ~1/4 cup or 50 g)', '3/4-1tspred pepper flakes', '5cupscherry tomatoes, left whole', '3/4cupdry white wine(we like a lighter white like Sauvignon Blanc // or sub water)', '3/4-1tspsea salt(plus more to taste)', '1/2cupchopped fresh parsley (or basil)', 'Dairy-free parmesan cheese', 'Red pepper flakes', 'Freshly chopped parsley (or basil)']","['Add cashews to a heatproof bowl and cover with hot water by at least 1-2 inches. Let them soak while you get started on everything else. Soaking makes the cashew cream neutral-flavored and extra creamy, but (in a pinch) you can skip this step if using a powerful blender such as aNutriBulletorVitamix.', 'Bring a large pot of water to a boil. Once boiling, add your pasta and cook according to the package directions.', 'If using frozen shrimp, see notes for defrosting instructions.', 'Meanwhile, heat a large skillet over medium heat. Once hot, add olive oil, shallots, and garlic and cook for 3-4 minutes until softened. Add the red pepper flakes and cook until fragrant (~1 minute). Add the shrimp and cook for 1-3 minutes on each side — until they turn pink and curl up (2 minutes per side is usually perfect!). They will cook quickly and cook time will depend on how hot your pan is. We like to let them curl up completely on the first side, then flip and cook until the underside is pink. To avoid under cooking, you want them to have a vibrant pink color (not translucent) and feel firm when pierced with a fork, but avoid overcooking or they will get rubbery! Remove the shrimp from the pan, place them on a plate, and set aside.', ""Add the cherry tomatoes, white wine, and salt to the same (relatively empty) pan (it's okay if the sautéed shallots and garlic remain). Cover and cook on medium-high heat for 5-10 minutes or until the tomatoes have burst."", 'Meanwhile, make the cashew cream. Drain the cashews and add them to ahigh-speed blenderwith the water. Blend on high until smooth and creamy.', 'Remove the lid from the tomatoes and use the back of your spoon or spatula to further break them down. Turn the heat to medium-low and stir in the cashew cream. Let the sauce cook down for about 2 more minutes. Taste and adjust flavor as needed, adding more salt for overall flavor or red pepper flakes for heat. Add the shrimp back into the mixture and stir to coat. Turn off the heat and stir in the chopped parsley (or basil) and cooked pasta (keep separate if preparing in advance).', 'Serve immediately garnished with dairy-free parmesan cheese, red pepper flakes, or extra parsley and/or basil (all optional). Best served fresh but can be stored in an airtight container in the refrigerator for up to 2-3 days. Not freezer friendly.']"
Creamy Tuscan Shrimp Pasta (Dairy-Free),https://minimalistbaker.com/creamy-tuscan-shrimp-pasta-dairy-free/,"['1/2cupraw cashews, soaked', '1 ¼cupwater(plus more for soaking cashews)', '1(8 oz.) boxfettuccine or spaghetti(we likeJovial fettuccine// ensure gluten-free as needed)', '1lbraw shrimp*, peeled and deveined with tails removed(thaw and pat dry if frozen*)', '2Tbspolive oil', '2mediumshallots, minced(2 shallots yield ~80 g or 1/2 cup)', '6-8medium clovesgarlic, minced(6-8 cloves garlic yield ~1/4 cup or 50 g)', '3/4-1tspred pepper flakes', '5cupscherry tomatoes, left whole', '3/4cupdry white wine(we like a lighter white like Sauvignon Blanc // or sub water)', '3/4-1tspsea salt(plus more to taste)', '1/2cupchopped fresh parsley (or basil)', 'Dairy-free parmesan cheese', 'Red pepper flakes', 'Freshly chopped parsley (or basil)']","['Add cashews to a heatproof bowl and cover with hot water by at least 1-2 inches. Let them soak while you get started on everything else. Soaking makes the cashew cream neutral-flavored and extra creamy, but (in a pinch) you can skip this step if using a powerful blender such as aNutriBulletorVitamix.', 'Bring a large pot of water to a boil. Once boiling, add your pasta and cook according to the package directions.', 'If using frozen shrimp, see notes for defrosting instructions.', 'Meanwhile, heat a large skillet over medium heat. Once hot, add olive oil, shallots, and garlic and cook for 3-4 minutes until softened. Add the red pepper flakes and cook until fragrant (~1 minute). Add the shrimp and cook for 1-3 minutes on each side — until they turn pink and curl up (2 minutes per side is usually perfect!). They will cook quickly and cook time will depend on how hot your pan is. We like to let them curl up completely on the first side, then flip and cook until the underside is pink. To avoid under cooking, you want them to have a vibrant pink color (not translucent) and feel firm when pierced with a fork, but avoid overcooking or they will get rubbery! Remove the shrimp from the pan, place them on a plate, and set aside.', ""Add the cherry tomatoes, white wine, and salt to the same (relatively empty) pan (it's okay if the sautéed shallots and garlic remain). Cover and cook on medium-high heat for 5-10 minutes or until the tomatoes have burst."", 'Meanwhile, make the cashew cream. Drain the cashews and add them to ahigh-speed blenderwith the water. Blend on high until smooth and creamy.', 'Remove the lid from the tomatoes and use the back of your spoon or spatula to further break them down. Turn the heat to medium-low and stir in the cashew cream. Let the sauce cook down for about 2 more minutes. Taste and adjust flavor as needed, adding more salt for overall flavor or red pepper flakes for heat. Add the shrimp back into the mixture and stir to coat. Turn off the heat and stir in the chopped parsley (or basil) and cooked pasta (keep separate if preparing in advance).', 'Serve immediately garnished with dairy-free parmesan cheese, red pepper flakes, or extra parsley and/or basil (all optional). Best served fresh but can be stored in an airtight container in the refrigerator for up to 2-3 days. Not freezer friendly.']"
Unknown,https://minimalistbaker.com/recipe-index/?fwp_special-diet=gluten-free,[],[]
Unknown,https://minimalistbaker.com/recipe-index/?fwp_special-diet=dairy-free,[],[]
Unknown,https://minimalistbaker.com/recipe-index/?fwp_special-diet=refined-sugar-free,[],[]
Gluten-Free Lemon Poppy Seed Muffins (Vegan),https://minimalistbaker.com/gluten-free-lemon-poppy-seed-muffins-vegan/,"['2/3cupcane sugar*(ensure organic for vegan-friendly)', '1/3cupsoftened vegan butter(we usedMiyoko’s)', '3Tbsplemon zest(4-5 lemons yield ~3 Tbsp zest)', '1/4cupapplesauce(unsweetened)', '1/4cuplemon juice', '1tspvanilla extract', '1cupalmond flour(we like Wellbee’s)', '1/2cupdairy-free milk(plain, unsweetened // we used almond milk)', '1 ¼cupMB 1:1 GF Blend(or all-purpose flour if not GF // see notes for other options)', '1 ½tspbaking powder', '1/4tspbaking soda', '1/4tspsea salt', '1 ½Tbsppoppy seeds']","['Preheat your oven to 350 degrees F (176 C) and line a standard muffin tin with 12 muffin liners (we likethese), or lightly grease.', 'To a medium mixing bowl (or the bowl of a stand mixer), add the cane sugar, softened vegan butter, and lemon zest. Mix with an electric stand mixer orhandheld mixeruntil light and fluffy, about 2 minutes.', 'Next add applesauce, lemon juice, and vanilla extract and beat on medium until well combined and slightly fluffy. The mixture may look curdled, which is fine. This will sort itself out in the next step!', 'Now add almond flour and beat until smooth and well incorporated. Next add in the milk and mix on low until fully combined. Finally, add the gluten-free flour blend, baking powder, baking soda, sea salt, and poppy seeds. Mix on medium until light and fluffy with the poppy seeds evenly distributed.', 'Divide the batter evenly between the 12 muffin liners and bake for 30-34 minutes, until lightly golden on the edges. When a toothpick is inserted into a muffin it should come out almost clean with just a crumb or two left behind. For the best possible texture, let the muffins cool completely before enjoying.', 'Best when fresh, but they can be stored at room temperature in an airtight container for up to 3 days or in the freezer for up to 1 month.']"
Gluten-Free Lemon Poppy Seed Muffins (Vegan),https://minimalistbaker.com/gluten-free-lemon-poppy-seed-muffins-vegan/,"['2/3cupcane sugar*(ensure organic for vegan-friendly)', '1/3cupsoftened vegan butter(we usedMiyoko’s)', '3Tbsplemon zest(4-5 lemons yield ~3 Tbsp zest)', '1/4cupapplesauce(unsweetened)', '1/4cuplemon juice', '1tspvanilla extract', '1cupalmond flour(we like Wellbee’s)', '1/2cupdairy-free milk(plain, unsweetened // we used almond milk)', '1 ¼cupMB 1:1 GF Blend(or all-purpose flour if not GF // see notes for other options)', '1 ½tspbaking powder', '1/4tspbaking soda', '1/4tspsea salt', '1 ½Tbsppoppy seeds']","['Preheat your oven to 350 degrees F (176 C) and line a standard muffin tin with 12 muffin liners (we likethese), or lightly grease.', 'To a medium mixing bowl (or the bowl of a stand mixer), add the cane sugar, softened vegan butter, and lemon zest. Mix with an electric stand mixer orhandheld mixeruntil light and fluffy, about 2 minutes.', 'Next add applesauce, lemon juice, and vanilla extract and beat on medium until well combined and slightly fluffy. The mixture may look curdled, which is fine. This will sort itself out in the next step!', 'Now add almond flour and beat until smooth and well incorporated. Next add in the milk and mix on low until fully combined. Finally, add the gluten-free flour blend, baking powder, baking soda, sea salt, and poppy seeds. Mix on medium until light and fluffy with the poppy seeds evenly distributed.', 'Divide the batter evenly between the 12 muffin liners and bake for 30-34 minutes, until lightly golden on the edges. When a toothpick is inserted into a muffin it should come out almost clean with just a crumb or two left behind. For the best possible texture, let the muffins cool completely before enjoying.', 'Best when fresh, but they can be stored at room temperature in an airtight container for up to 3 days or in the freezer for up to 1 month.']"
Unknown,https://minimalistbaker.com/recipe-index/?fwp_special-diet=gluten-free,[],[]
Unknown,https://minimalistbaker.com/recipe-index/?fwp_special-diet=vegan,[],[]
Unknown,https://minimalistbaker.com/recipe-index/?fwp_special-diet=vegetarian,[],[]
Unknown,https://minimalistbaker.com/recipe-index/?fwp_special-diet=dairy-free,[],[]
Italian Lentil Soup (Zuppa di Lenticchie),https://minimalistbaker.com/italian-lentil-soup-zuppa-di-lenticchie/,"['3Tbspolive oil', '1smallyellow onion, finely diced(1 small onion yields ~1 ½ cups or 180 g)', '1mediumcarrot, finely diced(1 carrot yields ~1/2 cup or 90 g)', '2large stalkscelery, finely diced(2 stalks yield ~1/2 cup or 70 g // or sub 1/4 tsp fennel seeds)', '4medium clovesgarlic,pressedor finely minced', '1/2-3/4tspsea salt', '1/4tspground black pepper', '1/4tspred pepper flakes', '1cupdry lentils(green or brown, not red)', '4-5cupswater(or subveggieorbone brothand omit/reduce salt)', 'Olive oil(traditionally drizzled on top)', 'Fresh parsley', 'Vegan parmesan cheese', 'Vegan garlic bread(ordinner rolls//gluten-freeas needed)']","['Heat oil in a large pot orDutch ovenover medium-low heat. Once warm, add the onions and toss to coat them in the oil. Cook for 3-5 minutes, stirring occasionally, until translucent. Add the carrots, celery, garlic, salt, black pepper, and red pepper flakes. Cook, stirring occasionally, for about 10 minutes total, until most of the oil is absorbed and things are just beginning to brown and caramelize.', 'Add the dry lentils and toss well to coat them in oil and combine with the veggies, then add the water (starting with the lesser amount) and mix well. Bring to a boil, then reduce to a simmer, cover, and cook for 15-20 minutes, until the lentils are tender and the soup is thicker. Stir occasionally to ensure even cooking of the lentils, and add more water as needed to keep the lentils covered (and achieve a more brothy soup, if desired!).', 'Serve warm garnished with a drizzle of olive oil, freshly chopped parsley, and/or vegan parmesan cheese (all optional)! Delicious served with rolls or garlic bread. Leftovers keep well in the refrigerator for 3-4 days or in the freezer for 1 month (or longer).']"
Italian Lentil Soup (Zuppa di Lenticchie),https://minimalistbaker.com/italian-lentil-soup-zuppa-di-lenticchie/,"['3Tbspolive oil', '1smallyellow onion, finely diced(1 small onion yields ~1 ½ cups or 180 g)', '1mediumcarrot, finely diced(1 carrot yields ~1/2 cup or 90 g)', '2large stalkscelery, finely diced(2 stalks yield ~1/2 cup or 70 g // or sub 1/4 tsp fennel seeds)', '4medium clovesgarlic,pressedor finely minced', '1/2-3/4tspsea salt', '1/4tspground black pepper', '1/4tspred pepper flakes', '1cupdry lentils(green or brown, not red)', '4-5cupswater(or subveggieorbone brothand omit/reduce salt)', 'Olive oil(traditionally drizzled on top)', 'Fresh parsley', 'Vegan parmesan cheese', 'Vegan garlic bread(ordinner rolls//gluten-freeas needed)']","['Heat oil in a large pot orDutch ovenover medium-low heat. Once warm, add the onions and toss to coat them in the oil. Cook for 3-5 minutes, stirring occasionally, until translucent. Add the carrots, celery, garlic, salt, black pepper, and red pepper flakes. Cook, stirring occasionally, for about 10 minutes total, until most of the oil is absorbed and things are just beginning to brown and caramelize.', 'Add the dry lentils and toss well to coat them in oil and combine with the veggies, then add the water (starting with the lesser amount) and mix well. Bring to a boil, then reduce to a simmer, cover, and cook for 15-20 minutes, until the lentils are tender and the soup is thicker. Stir occasionally to ensure even cooking of the lentils, and add more water as needed to keep the lentils covered (and achieve a more brothy soup, if desired!).', 'Serve warm garnished with a drizzle of olive oil, freshly chopped parsley, and/or vegan parmesan cheese (all optional)! Delicious served with rolls or garlic bread. Leftovers keep well in the refrigerator for 3-4 days or in the freezer for 1 month (or longer).']"
Unknown,https://minimalistbaker.com/recipe-index/?fwp_special-diet=gluten-free,[],[]
Unknown,https://minimalistbaker.com/recipe-index/?fwp_special-diet=vegan,[],[]
Unknown,https://minimalistbaker.com/recipe-index/?fwp_special-diet=vegetarian,[],[]
Unknown,https://minimalistbaker.com/recipe-index/?fwp_special-diet=dairy-free,[],[]
Unknown,https://minimalistbaker.com/recipe-index/?fwp_special-diet=refined-sugar-free,[],[]
Chocolate Pot de Crème (with a Secret Ingredient!),https://minimalistbaker.com/chocolate-pot-de-creme-sweet-potato/,"['1mediumsweet potato, cut into 1-inch cubes(1 medium sweet potato is ~2/3 lb and yields ~2 cups or 300 g cubed and 1 cup or 200 g mashed)', '3/4cupdark chocolate chips, melted(ensure vegan/dairy-free as needed // we likeEnjoy Life)', '1/3cupmaple syrup', '1/8tspsea salt', '1tspvanilla extract', 'Coconut whipped cream', 'Fresh berries', 'Shaved dark chocolate']","['Place the peeled, cubed sweet potato into asteamer basketover boiling water, cover, and steam until very soft (it should be easy to poke with a fork), about 10-15 minutes.', 'Meanwhile, melt the chocolate chips by adding them to a small glass or metal bowl and carefully placing the bowl on top of a saucepan of simmering water. Heat, stirring occasionally with a spatula or spoon, until melted and no lumps remain, about 5 minutes. You can also melt them in a heat-proof bowl in the microwave in 20-second increments. Remove from heat.', 'Mash the sweet potato, measure out 1 cup (200 g) of it (adjust amount if altering the default number of servings), and add it to ahigh-speed blenderwith the maple syrup, sea salt, and vanilla extract. You can use any extra sweet potato as asnackor freeze for adding tosmoothiesor other desserts. Blend on high until smooth and creamy.', 'Next, slowly drizzle in the melted chocolate and blend on high for at least 1 minute, scraping down the sides a few times, until the mixture is completely smooth. It should look like silky melted chocolate.', 'Divide the mixture into 4 small ramekins or glasses (we like shallow, wide dessert glasses likethese) and gently shake the jars/cups to even out the tops. Refrigerate for at least 1 hour before enjoying!', 'Serve chilled on its own or topped with optionalcoconut whipped cream, shaved dark chocolate, and/or fresh berries.', 'Store any leftovers covered in the refrigerator for up to 4-5 days or in the freezer for 1 month (or longer).']"
Chocolate Pot de Crème (with a Secret Ingredient!),https://minimalistbaker.com/chocolate-pot-de-creme-sweet-potato/,"['1mediumsweet potato, cut into 1-inch cubes(1 medium sweet potato is ~2/3 lb and yields ~2 cups or 300 g cubed and 1 cup or 200 g mashed)', '3/4cupdark chocolate chips, melted(ensure vegan/dairy-free as needed // we likeEnjoy Life)', '1/3cupmaple syrup', '1/8tspsea salt', '1tspvanilla extract', 'Coconut whipped cream', 'Fresh berries', 'Shaved dark chocolate']","['Place the peeled, cubed sweet potato into asteamer basketover boiling water, cover, and steam until very soft (it should be easy to poke with a fork), about 10-15 minutes.', 'Meanwhile, melt the chocolate chips by adding them to a small glass or metal bowl and carefully placing the bowl on top of a saucepan of simmering water. Heat, stirring occasionally with a spatula or spoon, until melted and no lumps remain, about 5 minutes. You can also melt them in a heat-proof bowl in the microwave in 20-second increments. Remove from heat.', 'Mash the sweet potato, measure out 1 cup (200 g) of it (adjust amount if altering the default number of servings), and add it to ahigh-speed blenderwith the maple syrup, sea salt, and vanilla extract. You can use any extra sweet potato as asnackor freeze for adding tosmoothiesor other desserts. Blend on high until smooth and creamy.', 'Next, slowly drizzle in the melted chocolate and blend on high for at least 1 minute, scraping down the sides a few times, until the mixture is completely smooth. It should look like silky melted chocolate.', 'Divide the mixture into 4 small ramekins or glasses (we like shallow, wide dessert glasses likethese) and gently shake the jars/cups to even out the tops. Refrigerate for at least 1 hour before enjoying!', 'Serve chilled on its own or topped with optionalcoconut whipped cream, shaved dark chocolate, and/or fresh berries.', 'Store any leftovers covered in the refrigerator for up to 4-5 days or in the freezer for 1 month (or longer).']"
Unknown,https://minimalistbaker.com/recipe-index/?fwp_special-diet=gluten-free,[],[]
Unknown,https://minimalistbaker.com/recipe-index/?fwp_special-diet=vegan,[],[]
Unknown,https://minimalistbaker.com/recipe-index/?fwp_special-diet=vegetarian,[],[]
Unknown,https://minimalistbaker.com/recipe-index/?fwp_special-diet=dairy-free,[],[]
1-Bowl Banana Chocolate Pecan Muffins (Vegan + GF),https://minimalistbaker.com/banana-chocolate-pecan-muffins-vegan-gf/,"['2Tbspflaxseed meal(to make flax egg*)', '1/4cupwater(to make flax egg*)', '2mediumripe bananas(2 bananas yield ~3/4 cup or 210 g mashed)', '1/2cupmaple syrup(or agave nectar)', '1/4cupavocado oil, melted coconut oil, or vegan butter', '1 ½tspbaking soda', '1tspvanilla extract', '1/2tspsea salt', '1cupMB 1:1 GF Blend(or other GF blend or all-purpose flour — see notes*)', '1cupalmond flour(or almond meal)', '2/3cupraw pecans, roughly chopped(or sub walnuts)', '2/3cupdark chocolate chips(plus more for topping // ensure vegan/dairy-free as needed // we likeEnjoy Life)']","['Preheat the oven to 350 degrees F (176 C) and lightly grease a standard-size muffin tin or add paper liners. Set aside.', 'To a large mixing bowl, add flaxseed meal and water. Let sit for 5 minutes to thicken — these are your flax eggs.', 'Add the bananas and mash together with a fork or potato masher until mostly smooth.', 'Add the maple syrup, oil, baking soda, vanilla, and sea salt. Whisk for about 30 seconds until well combined.', 'Add the gluten-free flour blend and almond flour (or almond meal). Stir with a wooden spoon or spatula until just combined. Fold in the pecans and chocolate chips.', 'Divide the batter evenly among muffin tins, filling almost to the tops. Optionally, top with a few sprinkles of chocolate chips.', 'Bake for 25-28 minutes or until the tops are golden brown and a toothpick inserted comes out clean.', 'Let cool for 5 minutes in the muffin tin, then gently remove and let cool completely on a cooling rack.', 'Once cooled, store in a covered container at room temperature for 3-4 days, in the refrigerator for 1 week, or in the freezer for up to 1 month.']"
1-Bowl Banana Chocolate Pecan Muffins (Vegan + GF),https://minimalistbaker.com/banana-chocolate-pecan-muffins-vegan-gf/,"['2Tbspflaxseed meal(to make flax egg*)', '1/4cupwater(to make flax egg*)', '2mediumripe bananas(2 bananas yield ~3/4 cup or 210 g mashed)', '1/2cupmaple syrup(or agave nectar)', '1/4cupavocado oil, melted coconut oil, or vegan butter', '1 ½tspbaking soda', '1tspvanilla extract', '1/2tspsea salt', '1cupMB 1:1 GF Blend(or other GF blend or all-purpose flour — see notes*)', '1cupalmond flour(or almond meal)', '2/3cupraw pecans, roughly chopped(or sub walnuts)', '2/3cupdark chocolate chips(plus more for topping // ensure vegan/dairy-free as needed // we likeEnjoy Life)']","['Preheat the oven to 350 degrees F (176 C) and lightly grease a standard-size muffin tin or add paper liners. Set aside.', 'To a large mixing bowl, add flaxseed meal and water. Let sit for 5 minutes to thicken — these are your flax eggs.', 'Add the bananas and mash together with a fork or potato masher until mostly smooth.', 'Add the maple syrup, oil, baking soda, vanilla, and sea salt. Whisk for about 30 seconds until well combined.', 'Add the gluten-free flour blend and almond flour (or almond meal). Stir with a wooden spoon or spatula until just combined. Fold in the pecans and chocolate chips.', 'Divide the batter evenly among muffin tins, filling almost to the tops. Optionally, top with a few sprinkles of chocolate chips.', 'Bake for 25-28 minutes or until the tops are golden brown and a toothpick inserted comes out clean.', 'Let cool for 5 minutes in the muffin tin, then gently remove and let cool completely on a cooling rack.', 'Once cooled, store in a covered container at room temperature for 3-4 days, in the refrigerator for 1 week, or in the freezer for up to 1 month.']"
Unknown,https://minimalistbaker.com/recipe-index/?fwp_special-diet=gluten-free,[],[]
Unknown,https://minimalistbaker.com/recipe-index/?fwp_special-diet=vegan,[],[]
Unknown,https://minimalistbaker.com/recipe-index/?fwp_special-diet=vegetarian,[],[]
Unknown,https://minimalistbaker.com/recipe-index/?fwp_special-diet=dairy-free,[],[]
Creamy Vegan White Bean Chili,https://minimalistbaker.com/creamy-vegan-white-bean-chili/,"['2cupswater*', '2/3cupraw cashews*', '2Tbspolive oil(or avocado oil)', '1cupdiced white or yellow onion(1 medium onion yields ~1 cup or 130 g)', '4clovesgarlic, minced', '1tspground cumin', '3/4-1tspsea salt', '1/4tspblack pepper', '1pinchcayenne(plus more to taste)', '2(4-oz.) cansdiced green chiles(we used hot // or sub 1/2 cup diced fresh roasted hatch chiles)', '3(15-oz.) canswhite beans, drained and rinsed(we like cannellini // or sub ~4 ½ cupshomemade)', '1cupfrozen corn(or sub drained and rinsed canned corn)', '2cupsbaby spinach, baby kale, or chopped kale', 'Perfect Vegan Cornbread(orgluten-free)', 'Freshly chopped cilantro', 'Thinly sliced green onion', 'Hot sauce']","['CASHEW MILK: To ahigh-speed blender, add water and cashews. Blend on high until smooth and creamy (~1-2 minutes). Set aside.', 'Heat a large pot over medium heat. Once hot, add olive oil, onions, and garlic. Cook until the onions are soft and translucent, about 5 minutes.', 'Add the cumin, sea salt (starting with the lesser amount), black pepper, and cayenne. Cook for 1 more minute, until fragrant.', 'Add the green chiles, drained and rinsed beans, and corn. Stir to combine.', 'Stir in the cashew milk and bring the mixture to a light boil. Lower the heat to low and simmer for 10 minutes, until thickened, stirring occasionally. If the chili gets too thick, you can add water or dairy-free milk as needed.', 'Once the 10 minutes is up, taste and adjust as needed, adding more salt for overall flavor or cayenne for heat. Once the chili is done cooking, remove it from the heat and add in your desired greens. Stir to wilt.', 'Serve warm with cornbread, cilantro, green onions, and/or hot sauce (all optional).', 'Leftover soup will keep in an airtight container in the refrigerator for up to 3-4 days or in the freezer for 1 month (or longer). Reheat in the microwave or on the stovetop until hot, adding water to thin as needed.']"
Creamy Vegan White Bean Chili,https://minimalistbaker.com/creamy-vegan-white-bean-chili/,"['2cupswater*', '2/3cupraw cashews*', '2Tbspolive oil(or avocado oil)', '1cupdiced white or yellow onion(1 medium onion yields ~1 cup or 130 g)', '4clovesgarlic, minced', '1tspground cumin', '3/4-1tspsea salt', '1/4tspblack pepper', '1pinchcayenne(plus more to taste)', '2(4-oz.) cansdiced green chiles(we used hot // or sub 1/2 cup diced fresh roasted hatch chiles)', '3(15-oz.) canswhite beans, drained and rinsed(we like cannellini // or sub ~4 ½ cupshomemade)', '1cupfrozen corn(or sub drained and rinsed canned corn)', '2cupsbaby spinach, baby kale, or chopped kale', 'Perfect Vegan Cornbread(orgluten-free)', 'Freshly chopped cilantro', 'Thinly sliced green onion', 'Hot sauce']","['CASHEW MILK: To ahigh-speed blender, add water and cashews. Blend on high until smooth and creamy (~1-2 minutes). Set aside.', 'Heat a large pot over medium heat. Once hot, add olive oil, onions, and garlic. Cook until the onions are soft and translucent, about 5 minutes.', 'Add the cumin, sea salt (starting with the lesser amount), black pepper, and cayenne. Cook for 1 more minute, until fragrant.', 'Add the green chiles, drained and rinsed beans, and corn. Stir to combine.', 'Stir in the cashew milk and bring the mixture to a light boil. Lower the heat to low and simmer for 10 minutes, until thickened, stirring occasionally. If the chili gets too thick, you can add water or dairy-free milk as needed.', 'Once the 10 minutes is up, taste and adjust as needed, adding more salt for overall flavor or cayenne for heat. Once the chili is done cooking, remove it from the heat and add in your desired greens. Stir to wilt.', 'Serve warm with cornbread, cilantro, green onions, and/or hot sauce (all optional).', 'Leftover soup will keep in an airtight container in the refrigerator for up to 3-4 days or in the freezer for 1 month (or longer). Reheat in the microwave or on the stovetop until hot, adding water to thin as needed.']"
Unknown,https://minimalistbaker.com/recipe-index/?fwp_special-diet=gluten-free,[],[]
Unknown,https://minimalistbaker.com/recipe-index/?fwp_special-diet=vegan,[],[]
Unknown,https://minimalistbaker.com/recipe-index/?fwp_special-diet=vegetarian,[],[]
Unknown,https://minimalistbaker.com/recipe-index/?fwp_special-diet=dairy-free,[],[]
Unknown,https://minimalistbaker.com/recipe-index/?fwp_special-diet=refined-sugar-free,[],[]
Easy Winter Fruit Salad (1 Bowl!),https://minimalistbaker.com/easy-winter-fruit-salad/,"['2mediumoranges, segmented/supremed and cut into 1/2-1-inch pieces(see instructions)', '1smallhoneycrisp apple, cut into 1/2-1-inch pieces(or another sweet, crunchy variety like Fuji)', '2firm, just-ripekiwis, peeled and cut into 1/2-inch pieces', '1Tbsplime juice(or lemon, but we find lime adds more flavor)', '1Tbsphoney(or maple syrup if vegan)', '1/3cuppomegranate arils(learn the best way to cut a pomegranatehere)', '1-2Tbspfreshly chopped mint leaves']","['ORANGE: To segment an orange, place it on a cutting board and use a sharp knife to cut off the top and bottom, removing the peel and pith so the fruit is exposed. Then set one of the flat sides on the cutting board and cut off the remaining peel and pith, rotating the orange as you go. Cradle the peeled orange in your non-dominant hand and carefully cut in a rocking motion just inside the membranes, creating slices. The seeds and membranes will no longer be attached to the slices. Once you have segmented slices, cut the slices into ~1/2-1-inch pieces for the salad.', 'Alternatively, if using a seedless orange, instead of cutting into segments, you can place the peeled orange on the cutting board, cut it in half, then thinly slice and cut into bite-sized triangles.', 'APPLE: We like to leave the peel on for ease and fiber! Cut the apple into ~1-inch slices, remove the core, and then cut into 1/2-1-inch pieces.', 'KIWI: Slice off the ends from the kiwi, then place one of the cut ends on the cutting board and carefully slice off the peel. Cut the kiwi into 1/2-1-inch pieces.', 'To a mixing bowl or serving platter, add the chopped orange segments, apple, and kiwi. Add lime juice and honey and toss gently until evenly coated and no clumps of honey remain.', 'Garnish with pomegranate arils and/or chopped mint (both optional, but SO pretty!).', 'Best when fresh. Leftover salad (without the mint) will keep in the refrigerator for 2-3 days as the citrus helps prevent the apple from browning. The mint turns brown within 24 hours and is best added just before serving.']"
Easy Winter Fruit Salad (1 Bowl!),https://minimalistbaker.com/easy-winter-fruit-salad/,"['2mediumoranges, segmented/supremed and cut into 1/2-1-inch pieces(see instructions)', '1smallhoneycrisp apple, cut into 1/2-1-inch pieces(or another sweet, crunchy variety like Fuji)', '2firm, just-ripekiwis, peeled and cut into 1/2-inch pieces', '1Tbsplime juice(or lemon, but we find lime adds more flavor)', '1Tbsphoney(or maple syrup if vegan)', '1/3cuppomegranate arils(learn the best way to cut a pomegranatehere)', '1-2Tbspfreshly chopped mint leaves']","['ORANGE: To segment an orange, place it on a cutting board and use a sharp knife to cut off the top and bottom, removing the peel and pith so the fruit is exposed. Then set one of the flat sides on the cutting board and cut off the remaining peel and pith, rotating the orange as you go. Cradle the peeled orange in your non-dominant hand and carefully cut in a rocking motion just inside the membranes, creating slices. The seeds and membranes will no longer be attached to the slices. Once you have segmented slices, cut the slices into ~1/2-1-inch pieces for the salad.', 'Alternatively, if using a seedless orange, instead of cutting into segments, you can place the peeled orange on the cutting board, cut it in half, then thinly slice and cut into bite-sized triangles.', 'APPLE: We like to leave the peel on for ease and fiber! Cut the apple into ~1-inch slices, remove the core, and then cut into 1/2-1-inch pieces.', 'KIWI: Slice off the ends from the kiwi, then place one of the cut ends on the cutting board and carefully slice off the peel. Cut the kiwi into 1/2-1-inch pieces.', 'To a mixing bowl or serving platter, add the chopped orange segments, apple, and kiwi. Add lime juice and honey and toss gently until evenly coated and no clumps of honey remain.', 'Garnish with pomegranate arils and/or chopped mint (both optional, but SO pretty!).', 'Best when fresh. Leftover salad (without the mint) will keep in the refrigerator for 2-3 days as the citrus helps prevent the apple from browning. The mint turns brown within 24 hours and is best added just before serving.']"
Unknown,https://minimalistbaker.com/recipe-index/?fwp_special-diet=gluten-free,[],[]
Unknown,https://minimalistbaker.com/recipe-index/?fwp_special-diet=vegetarian,[],[]
Unknown,https://minimalistbaker.com/recipe-index/?fwp_special-diet=dairy-free,[],[]
Unknown,https://minimalistbaker.com/recipe-index/?fwp_special-diet=refined-sugar-free,[],[]
Chocolate Tahini Caramels (No Candy Thermometer!),https://minimalistbaker.com/chocolate-tahini-caramels-no-candy-thermometer/,"['2Tbspvegan butter(we likeMiyoko’s// dairy butter would also work if not vegan/dairy-free)', '1/3cupmaple syrup', '1tspvanilla extract', '1/2tspfine sea salt', '2/3cuptahini(creamy, drippy // find our tahini reviewhere)', '1cupdark chocolate, chopped(use less if drizzling vs. dunking // they’re delicious without chocolate, too! // chocolate chips also work, ensure dairy-free as needed)', 'Flaky sea salt', 'Sesame seeds']","['Line a loaf pan (or another small-ish rectangular container) with parchment paper. We used an 8 x 4-inch loaf pan.', 'In a small saucepan, combine the vegan butter, maple syrup, vanilla extract, and sea salt (don’t add the tahini yet!). Whisking almost constantly, bring the mixture to a boil over medium heat and continue cooking for about 2 minutes (it will be very foamy — that’s normal and good). Remove from heat, add the tahini, and whisk until well combined and thickened.', 'Pour tahini mixture into the prepared pan and shake the pan to spread evenly. Place in the freezer for ~1-2 hours until solidified. The caramels will be a little tender, but if too difficult to handle, place back in the freezer for ~30 minutes.', 'CHOCOLATE: Once the caramels are almost done chilling, melt the chocolate. Place the chocolate into a small microwavable bowl and microwave in 30-second intervals, stirring in between to prevent burning, until smooth and melted. You can also melt on the stovetop by adding chocolate to a small glass or metal bowl and carefully placing it over ~1 inch of simmering water in a small saucepan, then stirring until melted. Set aside to cool slightly.', 'Line a large plate (or something similar that will fit in your freezer) with parchment or wax paper and set nearby. Once the caramels have solidified, cut into ~1 inch pieces. You can enjoy them plain, but we like dunking/drizzling in the chocolate (working quickly so they don’t get too soft), and adding flaky sea salt and sesame seeds. So cute!', 'After cutting and coating in chocolate, place the caramels back in the freezer to chill for 30-45 minutes (for more firm caramels) or in the refrigerator for 2-3 hours (for soft caramels).', 'These caramels will melt at room temperature, so they need to be kept in the freezer or refrigerator until ready to enjoy! Transfer to a sealed container where they will keep for 1 month (or longer) in the freezer or up to ~2 weeks in the refrigerator.']"
Chocolate Tahini Caramels (No Candy Thermometer!),https://minimalistbaker.com/chocolate-tahini-caramels-no-candy-thermometer/,"['2Tbspvegan butter(we likeMiyoko’s// dairy butter would also work if not vegan/dairy-free)', '1/3cupmaple syrup', '1tspvanilla extract', '1/2tspfine sea salt', '2/3cuptahini(creamy, drippy // find our tahini reviewhere)', '1cupdark chocolate, chopped(use less if drizzling vs. dunking // they’re delicious without chocolate, too! // chocolate chips also work, ensure dairy-free as needed)', 'Flaky sea salt', 'Sesame seeds']","['Line a loaf pan (or another small-ish rectangular container) with parchment paper. We used an 8 x 4-inch loaf pan.', 'In a small saucepan, combine the vegan butter, maple syrup, vanilla extract, and sea salt (don’t add the tahini yet!). Whisking almost constantly, bring the mixture to a boil over medium heat and continue cooking for about 2 minutes (it will be very foamy — that’s normal and good). Remove from heat, add the tahini, and whisk until well combined and thickened.', 'Pour tahini mixture into the prepared pan and shake the pan to spread evenly. Place in the freezer for ~1-2 hours until solidified. The caramels will be a little tender, but if too difficult to handle, place back in the freezer for ~30 minutes.', 'CHOCOLATE: Once the caramels are almost done chilling, melt the chocolate. Place the chocolate into a small microwavable bowl and microwave in 30-second intervals, stirring in between to prevent burning, until smooth and melted. You can also melt on the stovetop by adding chocolate to a small glass or metal bowl and carefully placing it over ~1 inch of simmering water in a small saucepan, then stirring until melted. Set aside to cool slightly.', 'Line a large plate (or something similar that will fit in your freezer) with parchment or wax paper and set nearby. Once the caramels have solidified, cut into ~1 inch pieces. You can enjoy them plain, but we like dunking/drizzling in the chocolate (working quickly so they don’t get too soft), and adding flaky sea salt and sesame seeds. So cute!', 'After cutting and coating in chocolate, place the caramels back in the freezer to chill for 30-45 minutes (for more firm caramels) or in the refrigerator for 2-3 hours (for soft caramels).', 'These caramels will melt at room temperature, so they need to be kept in the freezer or refrigerator until ready to enjoy! Transfer to a sealed container where they will keep for 1 month (or longer) in the freezer or up to ~2 weeks in the refrigerator.']"
Unknown,https://minimalistbaker.com/recipe-index/?fwp_special-diet=gluten-free,[],[]
Unknown,https://minimalistbaker.com/recipe-index/?fwp_special-diet=vegan,[],[]
Unknown,https://minimalistbaker.com/recipe-index/?fwp_special-diet=vegetarian,[],[]
Unknown,https://minimalistbaker.com/recipe-index/?fwp_special-diet=dairy-free,[],[]
Chocolate Pecan Shortbread Cookies (Vegan + GF),https://minimalistbaker.com/chocolate-pecan-shortbread-cookies-vegan-gf/,"['1/2cupsalted vegan butter*, softened(we usedMiyoko’s// dairy butter would work if not vegan/dairy-free)', '1/3cupcane sugar*(ensure organic for vegan-friendly)', '1/2tspvanilla extract', '1heaping cupMB 1:1 GF Blend(1 heaping cup = 1 cup + 2 Tbsp // see notes for all-purpose flour*)', '1/4tspsea salt', '1/3cupdark chocolate, finely chopped(we likeHu Kitchen Simple)', '1/3cupraw pecans, finely chopped']","['Preheat the oven to 350 degrees F (176 C) and line a baking sheet with parchment paper.', 'In a medium mixing bowl, cream the softened butter with the sugar using anelectric hand mixer(or a whisk plus some elbow grease) until light and fluffy — about 1 minute. Add the vanilla extract and mix briefly to combine.', 'Add the gluten-free flour blend along with the salt and mix until the dough comes together — it should be pale, clumpy, and soft when you touch it. If it’s sticky, add 1-2 tablespoons more flour. Add the chocolate and pecans and mix or stir to distribute.', 'Place the dough onto a large piece of parchment paper (or plastic wrap or wax paper) and roll into a tight log, ~2 inches thick. Refrigerate for 30 minutes. Then, using a sharp knife, slice the cookies into slightly less than 1/2-inch discs and place on the parchment-lined baking sheet. They won’t spread much at all, so they should all fit on one baking sheet.', 'Bake for 14-17 minutes, until the cookies look dry and are just starting to turn golden on the edges. Let cool for at least 10 minutes before enjoying!', 'Leftover cookies keep for 2-3 days at room temperature or 1 month (or longer) in the freezer.']"
Chocolate Pecan Shortbread Cookies (Vegan + GF),https://minimalistbaker.com/chocolate-pecan-shortbread-cookies-vegan-gf/,"['1/2cupsalted vegan butter*, softened(we usedMiyoko’s// dairy butter would work if not vegan/dairy-free)', '1/3cupcane sugar*(ensure organic for vegan-friendly)', '1/2tspvanilla extract', '1heaping cupMB 1:1 GF Blend(1 heaping cup = 1 cup + 2 Tbsp // see notes for all-purpose flour*)', '1/4tspsea salt', '1/3cupdark chocolate, finely chopped(we likeHu Kitchen Simple)', '1/3cupraw pecans, finely chopped']","['Preheat the oven to 350 degrees F (176 C) and line a baking sheet with parchment paper.', 'In a medium mixing bowl, cream the softened butter with the sugar using anelectric hand mixer(or a whisk plus some elbow grease) until light and fluffy — about 1 minute. Add the vanilla extract and mix briefly to combine.', 'Add the gluten-free flour blend along with the salt and mix until the dough comes together — it should be pale, clumpy, and soft when you touch it. If it’s sticky, add 1-2 tablespoons more flour. Add the chocolate and pecans and mix or stir to distribute.', 'Place the dough onto a large piece of parchment paper (or plastic wrap or wax paper) and roll into a tight log, ~2 inches thick. Refrigerate for 30 minutes. Then, using a sharp knife, slice the cookies into slightly less than 1/2-inch discs and place on the parchment-lined baking sheet. They won’t spread much at all, so they should all fit on one baking sheet.', 'Bake for 14-17 minutes, until the cookies look dry and are just starting to turn golden on the edges. Let cool for at least 10 minutes before enjoying!', 'Leftover cookies keep for 2-3 days at room temperature or 1 month (or longer) in the freezer.']"
Unknown,https://minimalistbaker.com/recipe-index/?fwp_special-diet=gluten-free,[],[]
Unknown,https://minimalistbaker.com/recipe-index/?fwp_special-diet=vegan,[],[]
Unknown,https://minimalistbaker.com/recipe-index/?fwp_special-diet=vegetarian,[],[]
Unknown,https://minimalistbaker.com/recipe-index/?fwp_special-diet=dairy-free,[],[]
Garlic & Herb Breaded Delicata Squash,https://minimalistbaker.com/garlic-herb-roasted-delicata-squash/,"['1mediumdelicata squash, halved lengthwise, seeds removed, cut into 1/2-inch slices(1 squash yields ~3 cups or 300 g sliced)', '1/3cuppanko breadcrumbs(gluten-free as needed // orhomemade)', '2Tbspfresh parsley, very finely minced(optionalfor a pop of color)', '1 ½Tbspnutritional yeast(parmesan cheese also works if not vegan/dairy-free)', '3/4tspdried rosemary(or sub fresh, minced)', '1/2-3/4tspsea salt', '3/4tspgarlic powder', '3Tbspolive oil']","['Preheat oven to 425 degrees F (218 C) and line a baking sheet with parchment paper. Set nearby.', 'In a small mixing bowl, combine the breadcrumbs, parsley (optional), nutritional yeast, rosemary, salt, and garlic powder. Stir until well combined, then taste and adjust, adding more salt as needed. To a separate bowl, add the olive oil.', 'Place a slice of squash into the olive oil, flip to evenly coat, pick up, and let excess oil drip off before dropping the squash into the breadcrumb mixture. Flip to evenly coat, pressing lightly so the breading sticks. Add the breaded squash to the baking sheet and repeat with the remaining slices.', 'Bake for 14-16 minutes, or until the breadcrumbs are golden brown and the squash is fork tender. Serve immediately!', 'Best when fresh. Leftovers keep for 2-3 days in the refrigerator but note that the breadcrumbs will lose their crispiness. Not freezer friendly.']"
Garlic & Herb Breaded Delicata Squash,https://minimalistbaker.com/garlic-herb-roasted-delicata-squash/,"['1mediumdelicata squash, halved lengthwise, seeds removed, cut into 1/2-inch slices(1 squash yields ~3 cups or 300 g sliced)', '1/3cuppanko breadcrumbs(gluten-free as needed // orhomemade)', '2Tbspfresh parsley, very finely minced(optionalfor a pop of color)', '1 ½Tbspnutritional yeast(parmesan cheese also works if not vegan/dairy-free)', '3/4tspdried rosemary(or sub fresh, minced)', '1/2-3/4tspsea salt', '3/4tspgarlic powder', '3Tbspolive oil']","['Preheat oven to 425 degrees F (218 C) and line a baking sheet with parchment paper. Set nearby.', 'In a small mixing bowl, combine the breadcrumbs, parsley (optional), nutritional yeast, rosemary, salt, and garlic powder. Stir until well combined, then taste and adjust, adding more salt as needed. To a separate bowl, add the olive oil.', 'Place a slice of squash into the olive oil, flip to evenly coat, pick up, and let excess oil drip off before dropping the squash into the breadcrumb mixture. Flip to evenly coat, pressing lightly so the breading sticks. Add the breaded squash to the baking sheet and repeat with the remaining slices.', 'Bake for 14-16 minutes, or until the breadcrumbs are golden brown and the squash is fork tender. Serve immediately!', 'Best when fresh. Leftovers keep for 2-3 days in the refrigerator but note that the breadcrumbs will lose their crispiness. Not freezer friendly.']"
Unknown,https://minimalistbaker.com/recipe-index/?fwp_special-diet=gluten-free,[],[]
Unknown,https://minimalistbaker.com/recipe-index/?fwp_special-diet=vegan,[],[]
Unknown,https://minimalistbaker.com/recipe-index/?fwp_special-diet=vegetarian,[],[]
Unknown,https://minimalistbaker.com/recipe-index/?fwp_special-diet=dairy-free,[],[]
Unknown,https://minimalistbaker.com/recipe-index/?fwp_special-diet=refined-sugar-free,[],[]
1-Bowl Cranberry Orange Scones (Vegan + GF),https://minimalistbaker.com/cranberry-orange-scones-vegan-gf/,"['1 ¼cupalmond flour*(we like Wellbee’s)', '1/2cupoat flour*', '1/2cuppotato starch*', '3Tbspcane sugar', '1 ½Tbsporange zest(1 ½ or 2 large oranges yield ~1 ½ Tbsp // 4 ½\xa0tsp zest)', '2 ½tspbaking powder', '1 ½tspflaxseed meal(ground flax seeds)', '1/4tspsea salt', '1/4cupcold vegan butter*(we likeMiyoko’s// dairy butter would also work if not vegan // or coconut oil that’s scoopable — not liquid or frozen*)', '1/4cuporange juice(1 ½ large oranges yield ~1/4 cup or 60 ml juice)', '1/2cupfresh or frozen whole cranberries']","['Preheat your oven to 350 degrees F (176 C) and line a baking sheet with parchment paper. Set aside.', 'To a large mixing bowl, add almond flour, oat flour, potato starch, cane sugar, orange zest, baking powder, flaxseed meal, and sea salt. Whisk together until fully incorporated.', 'Use a pastry cutter, fork, or clean hands to cut the butter into the flour mixture until it resembles wet sand with some pea-sized pieces of butter remaining.', 'Add the orange juice a little at a time while stirring with a wooden spoon. The dough should not be crumbly, and it should also not stick to your fingers. If too dry, keep mixing or add 1 tsp more orange juice at a time (up to 1 Tbsp more). Then add your cranberries and gently stir to distribute.', 'Turn the dough out onto the prepared baking sheet and use your hands to form it into a disc about 3/4 to 1 inch in height. Use a knife to cut the circle into 6 even wedges. Then use a floured spatula to arrange the scones about 2 inches apart on the baking sheet. Sprinkle the tops with a bit more cane sugar for a sparkly finish and extra sweetness (optional)!', 'Bake for 18-20 minutes or until fluffy and light golden brown on the edges. Let cool slightly before enjoying. These are delicious plain or spread with a little vegan butter.', 'NOTE: Best within the first 24-36 hours after baking. The texture tends to become dried out after that. Once completely cooled, store leftovers at room temperature in a well-sealed container for up to 3 days, or in the freezer for up to 1 month. You can also freeze the cut out scones and bake from frozen, adding 3-5 extra minutes to the bake time as needed.']"
1-Bowl Cranberry Orange Scones (Vegan + GF),https://minimalistbaker.com/cranberry-orange-scones-vegan-gf/,"['1 ¼cupalmond flour*(we like Wellbee’s)', '1/2cupoat flour*', '1/2cuppotato starch*', '3Tbspcane sugar', '1 ½Tbsporange zest(1 ½ or 2 large oranges yield ~1 ½ Tbsp // 4 ½\xa0tsp zest)', '2 ½tspbaking powder', '1 ½tspflaxseed meal(ground flax seeds)', '1/4tspsea salt', '1/4cupcold vegan butter*(we likeMiyoko’s// dairy butter would also work if not vegan // or coconut oil that’s scoopable — not liquid or frozen*)', '1/4cuporange juice(1 ½ large oranges yield ~1/4 cup or 60 ml juice)', '1/2cupfresh or frozen whole cranberries']","['Preheat your oven to 350 degrees F (176 C) and line a baking sheet with parchment paper. Set aside.', 'To a large mixing bowl, add almond flour, oat flour, potato starch, cane sugar, orange zest, baking powder, flaxseed meal, and sea salt. Whisk together until fully incorporated.', 'Use a pastry cutter, fork, or clean hands to cut the butter into the flour mixture until it resembles wet sand with some pea-sized pieces of butter remaining.', 'Add the orange juice a little at a time while stirring with a wooden spoon. The dough should not be crumbly, and it should also not stick to your fingers. If too dry, keep mixing or add 1 tsp more orange juice at a time (up to 1 Tbsp more). Then add your cranberries and gently stir to distribute.', 'Turn the dough out onto the prepared baking sheet and use your hands to form it into a disc about 3/4 to 1 inch in height. Use a knife to cut the circle into 6 even wedges. Then use a floured spatula to arrange the scones about 2 inches apart on the baking sheet. Sprinkle the tops with a bit more cane sugar for a sparkly finish and extra sweetness (optional)!', 'Bake for 18-20 minutes or until fluffy and light golden brown on the edges. Let cool slightly before enjoying. These are delicious plain or spread with a little vegan butter.', 'NOTE: Best within the first 24-36 hours after baking. The texture tends to become dried out after that. Once completely cooled, store leftovers at room temperature in a well-sealed container for up to 3 days, or in the freezer for up to 1 month. You can also freeze the cut out scones and bake from frozen, adding 3-5 extra minutes to the bake time as needed.']"
Unknown,https://minimalistbaker.com/recipe-index/?fwp_special-diet=gluten-free,[],[]
Unknown,https://minimalistbaker.com/recipe-index/?fwp_special-diet=vegan,[],[]
Unknown,https://minimalistbaker.com/recipe-index/?fwp_special-diet=vegetarian,[],[]
Unknown,https://minimalistbaker.com/recipe-index/?fwp_special-diet=dairy-free,[],[]
Easy Gluten-Free Cornbread (1 Bowl!),https://minimalistbaker.com/easy-gluten-free-cornbread-1-bowl/,"['1cupdairy-free milk(plain, unsweetened // we used almond // if not dairy-free, you can use dairy milk)', '1/2cupavocado oil(or melted dairy or vegan butter)', '1/2cuphoney(or sub cane sugar)', '1largeegg*', '3/4cupmedium grind cornmeal', '1 ¼cupMB 1:1 Gluten-Free Flour Blend(if not gluten-free, you can use all-purpose flour)', '1Tbspbaking powder(aluminum-free*)', '3/4tspsea salt']","['Preheat your oven to 400 degrees F (204 C), line an 8×8-inch metal baking dish with parchment paper, and set aside.', 'To a medium mixing bowl, add the dairy-free milk, avocado oil (or melted butter), honey (or cane sugar), egg, and cornmeal. Whisk together until smooth. Let this mixture sit for 10 minutes — this helps to soften the cornmeal!', 'After the 10 minutes is up, add the gluten-free flour blend, baking powder, and sea salt. Whisk until smooth. Pour the batter into the prepared baking pan and shake gently to distribute to the edges and/or smooth out the top with a rubber spatula. Bake for 28-32 minutes, until the center springs back when touched.', 'Let cool for 10 minutes in the pan before transferring to a cooling rack and letting cool for at least another 10 minutes. You can enjoy it warm, but for best texture, let cool fully before cutting.', 'Best enjoyed the first day, but leftovers can be cooled fully then kept in an airtight container at room temperature for 2-3 days, in the refrigerator for 3-4 days, or in the freezer for 1 month (or longer). Defrost overnight in the refrigerator or at room temperature for ~4 hours.']"
Easy Gluten-Free Cornbread (1 Bowl!),https://minimalistbaker.com/easy-gluten-free-cornbread-1-bowl/,"['1cupdairy-free milk(plain, unsweetened // we used almond // if not dairy-free, you can use dairy milk)', '1/2cupavocado oil(or melted dairy or vegan butter)', '1/2cuphoney(or sub cane sugar)', '1largeegg*', '3/4cupmedium grind cornmeal', '1 ¼cupMB 1:1 Gluten-Free Flour Blend(if not gluten-free, you can use all-purpose flour)', '1Tbspbaking powder(aluminum-free*)', '3/4tspsea salt']","['Preheat your oven to 400 degrees F (204 C), line an 8×8-inch metal baking dish with parchment paper, and set aside.', 'To a medium mixing bowl, add the dairy-free milk, avocado oil (or melted butter), honey (or cane sugar), egg, and cornmeal. Whisk together until smooth. Let this mixture sit for 10 minutes — this helps to soften the cornmeal!', 'After the 10 minutes is up, add the gluten-free flour blend, baking powder, and sea salt. Whisk until smooth. Pour the batter into the prepared baking pan and shake gently to distribute to the edges and/or smooth out the top with a rubber spatula. Bake for 28-32 minutes, until the center springs back when touched.', 'Let cool for 10 minutes in the pan before transferring to a cooling rack and letting cool for at least another 10 minutes. You can enjoy it warm, but for best texture, let cool fully before cutting.', 'Best enjoyed the first day, but leftovers can be cooled fully then kept in an airtight container at room temperature for 2-3 days, in the refrigerator for 3-4 days, or in the freezer for 1 month (or longer). Defrost overnight in the refrigerator or at room temperature for ~4 hours.']"
Unknown,https://minimalistbaker.com/recipe-index/?fwp_special-diet=gluten-free,[],[]
Unknown,https://minimalistbaker.com/recipe-index/?fwp_special-diet=vegetarian,[],[]
Unknown,https://minimalistbaker.com/recipe-index/?fwp_special-diet=dairy-free,[],[]
Unknown,https://minimalistbaker.com/recipe-index/?fwp_special-diet=refined-sugar-free,[],[]
1-Pot Spicy Pumpkin Tomato Soup,https://minimalistbaker.com/1-pot-spicy-pumpkin-tomato-soup/,"['1Tbspolive, coconut, or avocado oil(if avoiding oil, sub water)', '1medium-largewhite or yellow onion, finely diced(1 onion yields ~2 cups or 300 g)', '2clovesgarlic, minced', '1 ½ – 2Tbspminced fresh ginger(adjust depending on how much you love ginger)', '1tspground cumin', '1tspground coriander', '1/2-3/4tspground cayenne(start with the lesser amount)', '1/4tspground allspice(optionalbut recommended)', '1(15-oz.) cancrushed or diced tomatoes', '1(15-oz.) canpumpkin purée(or sub ~1 ½ cupshomemadein place of 1 can)', '1(14-oz.) canlight or full-fat coconut milk(full-fat for a richer soup // or subcashew cream)', '1cupwater(or subvegetable broth)', '1tspsea salt(plus more to taste // start with 3/4 tsp if using vegetable broth)', '3/4tspground black pepper', 'Freshly chopped cilantro', 'Chopped roasted cashews(or toasted raw cashews*)', 'Vegan naan(orgluten-free naan)']","['Heat oil in a large pot over medium heat. Once hot, add the onion and cook, stirring occasionally, until softened — about 5 minutes. Add the garlic, ginger, cumin, coriander, cayenne, and allspice (optional), and cook, stirring frequently, until fragrant, 1-2 minutes.', 'Add the tomatoes, pumpkin, coconut milk, broth (or water), salt, and pepper and stir well to combine. Bring to a simmer, cover, reduce heat to low, and simmer for ~20 minutes to develop the flavors. Taste and adjust as needed, adding more salt for overall flavor, allspice for warmth, or cayenne for heat (we added the full amount, but how much you add will depend on personal preference and the spiciness of your cayenne). Keep in mind the flavor will intensify the longer you cook it and after storing overnight.', 'At this point, you can either enjoy it a little chunky, purée with animmersion blenderfor a mostly smooth texture, or transfer to aheat-safe blenderand blend until fully smooth and creamy. All three options are delicious, but if using diced tomatoes (rather than crushed), we recommend blending for a more cohesive/balanced tomato flavor!', 'Divide between serving bowls and garnish with fresh cilantro and toasted cashews (both optional). It’s delicious served with naan orgrilled cheese sandwiches.', 'Leftover soup keeps well stored in a sealed container in the refrigerator for 3-4 days or in the freezer for 1 month (or longer).']"
1-Pot Spicy Pumpkin Tomato Soup,https://minimalistbaker.com/1-pot-spicy-pumpkin-tomato-soup/,"['1Tbspolive, coconut, or avocado oil(if avoiding oil, sub water)', '1medium-largewhite or yellow onion, finely diced(1 onion yields ~2 cups or 300 g)', '2clovesgarlic, minced', '1 ½ – 2Tbspminced fresh ginger(adjust depending on how much you love ginger)', '1tspground cumin', '1tspground coriander', '1/2-3/4tspground cayenne(start with the lesser amount)', '1/4tspground allspice(optionalbut recommended)', '1(15-oz.) cancrushed or diced tomatoes', '1(15-oz.) canpumpkin purée(or sub ~1 ½ cupshomemadein place of 1 can)', '1(14-oz.) canlight or full-fat coconut milk(full-fat for a richer soup // or subcashew cream)', '1cupwater(or subvegetable broth)', '1tspsea salt(plus more to taste // start with 3/4 tsp if using vegetable broth)', '3/4tspground black pepper', 'Freshly chopped cilantro', 'Chopped roasted cashews(or toasted raw cashews*)', 'Vegan naan(orgluten-free naan)']","['Heat oil in a large pot over medium heat. Once hot, add the onion and cook, stirring occasionally, until softened — about 5 minutes. Add the garlic, ginger, cumin, coriander, cayenne, and allspice (optional), and cook, stirring frequently, until fragrant, 1-2 minutes.', 'Add the tomatoes, pumpkin, coconut milk, broth (or water), salt, and pepper and stir well to combine. Bring to a simmer, cover, reduce heat to low, and simmer for ~20 minutes to develop the flavors. Taste and adjust as needed, adding more salt for overall flavor, allspice for warmth, or cayenne for heat (we added the full amount, but how much you add will depend on personal preference and the spiciness of your cayenne). Keep in mind the flavor will intensify the longer you cook it and after storing overnight.', 'At this point, you can either enjoy it a little chunky, purée with animmersion blenderfor a mostly smooth texture, or transfer to aheat-safe blenderand blend until fully smooth and creamy. All three options are delicious, but if using diced tomatoes (rather than crushed), we recommend blending for a more cohesive/balanced tomato flavor!', 'Divide between serving bowls and garnish with fresh cilantro and toasted cashews (both optional). It’s delicious served with naan orgrilled cheese sandwiches.', 'Leftover soup keeps well stored in a sealed container in the refrigerator for 3-4 days or in the freezer for 1 month (or longer).']"
Unknown,https://minimalistbaker.com/recipe-index/?fwp_special-diet=gluten-free,[],[]
Unknown,https://minimalistbaker.com/recipe-index/?fwp_special-diet=vegan,[],[]
Unknown,https://minimalistbaker.com/recipe-index/?fwp_special-diet=vegetarian,[],[]
Unknown,https://minimalistbaker.com/recipe-index/?fwp_special-diet=dairy-free,[],[]
Unknown,https://minimalistbaker.com/recipe-index/?fwp_special-diet=refined-sugar-free,[],[]
Cozy Curry Noodle Soup (Thai-Inspired),https://minimalistbaker.com/cozy-curry-noodle-soup-thai-inspired/,"['1Tbspcoconut oil(or olive or avocado oil)', '1largeshallot, thinly sliced(1 shallot yields ~3/4 cup or 90 g // or sub onion)', '3Tbspminced fresh ginger', '4clovesgarlic, minced(4 cloves garlic yield ~2 Tbsp or 18 g)', '2Tbspred or yellow curry paste(*use a flavorful brand – see notes* // vegan/gluten-free as needed // we usedMike’s Curry Love)', '1/2-1tspred pepper flakes(depending on heat preference and heat level of your curry paste)', '4cupsbroth of choice(chickenorvegetable)', '1(14 oz.)can light coconut milk(or full-fat for a richer soup)', '2Tbspcoconut aminos(or tamari)', '1 ½lbboneless skinless chicken breasts or thighs, cut into bite-sized cubes(or 14 oz. extra-firm tofu, cut into 1/2-inch cubes)', '3-4cupschopped bok choy(we used baby bok choy // 2 small baby bok choy yield ~3-4 cups or 225-300 g // or sub broccoli florets or finely chopped carrots)', '2cupssliced mushrooms(cremini, shiitake, or white button all work // or sub bell pepper or green beans)', '1cupsnap peas, ends trimmed, cut into 1-inch pieces(optional// or sub frozen corn)', '1-2Tbsplime juice(or lemon juice // 1/2 lime yields ~1-2 Tbsp juice //optional)', '8oz.brown rice noodles(or other pasta/noodles of choice // we likeAnnie Chun’s Pad Thai Noodles)', 'Fresh mint and/or cilantro(optional)', 'Chopped roasted peanuts or cashews*(optional)', 'Lime or lemon wedges(optional)']","['Cook noodles/pasta according to package instructions. (We like to addthese noodlesto a heatproof bowl and cover with boiling water for 4-5 minutes, but this doesn’t work with all types of noodles.) Once tender, rinse and set aside.', 'Meanwhile, heat oil in a large pot over medium heat. Once hot, add shallot and cook for 1-2 minutes to soften. Add ginger, garlic, curry paste, and red pepper flakes and sauté for 1 minute, until fragrant.', 'Add broth, coconut milk, and coconut aminos (or tamari), and bring to a simmer. Once simmering, add the cubed chicken (or tofu) and cook for 5 minutes. Make sure it’s simmering,not boiling, or the chicken will get tough.', 'Add the bok choy (or broccoli or carrots) and mushrooms (or bell pepper/green beans) and cook for another 3-4 minutes until tender.', 'Once tender, add the snap peas (or corn) and cook for 1-2 minutes more or until your snap peas reach your desired texture — we prefer our peas to stay a vibrant green and be a little crunchy.', 'Taste the broth and adjust as needed, adding lime juice for brightness (we added 1 Tbsp or 15 ml), more coconut aminos or tamari for overall flavor/saltiness, or more red pepper flakes for heat.', 'To serve, divide noodles between serving bowls and ladle the soup over the top. Garnish with chopped mint or cilantro, roasted peanuts or cashews, or lime or lemon wedges (all optional).', 'Store any leftover soup and noodles separately in the refrigerator for up to 3-4 days, or freeze the soup (without noodles) for up to 1 month.']"
Cozy Curry Noodle Soup (Thai-Inspired),https://minimalistbaker.com/cozy-curry-noodle-soup-thai-inspired/,"['1Tbspcoconut oil(or olive or avocado oil)', '1largeshallot, thinly sliced(1 shallot yields ~3/4 cup or 90 g // or sub onion)', '3Tbspminced fresh ginger', '4clovesgarlic, minced(4 cloves garlic yield ~2 Tbsp or 18 g)', '2Tbspred or yellow curry paste(*use a flavorful brand – see notes* // vegan/gluten-free as needed // we usedMike’s Curry Love)', '1/2-1tspred pepper flakes(depending on heat preference and heat level of your curry paste)', '4cupsbroth of choice(chickenorvegetable)', '1(14 oz.)can light coconut milk(or full-fat for a richer soup)', '2Tbspcoconut aminos(or tamari)', '1 ½lbboneless skinless chicken breasts or thighs, cut into bite-sized cubes(or 14 oz. extra-firm tofu, cut into 1/2-inch cubes)', '3-4cupschopped bok choy(we used baby bok choy // 2 small baby bok choy yield ~3-4 cups or 225-300 g // or sub broccoli florets or finely chopped carrots)', '2cupssliced mushrooms(cremini, shiitake, or white button all work // or sub bell pepper or green beans)', '1cupsnap peas, ends trimmed, cut into 1-inch pieces(optional// or sub frozen corn)', '1-2Tbsplime juice(or lemon juice // 1/2 lime yields ~1-2 Tbsp juice //optional)', '8oz.brown rice noodles(or other pasta/noodles of choice // we likeAnnie Chun’s Pad Thai Noodles)', 'Fresh mint and/or cilantro(optional)', 'Chopped roasted peanuts or cashews*(optional)', 'Lime or lemon wedges(optional)']","['Cook noodles/pasta according to package instructions. (We like to addthese noodlesto a heatproof bowl and cover with boiling water for 4-5 minutes, but this doesn’t work with all types of noodles.) Once tender, rinse and set aside.', 'Meanwhile, heat oil in a large pot over medium heat. Once hot, add shallot and cook for 1-2 minutes to soften. Add ginger, garlic, curry paste, and red pepper flakes and sauté for 1 minute, until fragrant.', 'Add broth, coconut milk, and coconut aminos (or tamari), and bring to a simmer. Once simmering, add the cubed chicken (or tofu) and cook for 5 minutes. Make sure it’s simmering,not boiling, or the chicken will get tough.', 'Add the bok choy (or broccoli or carrots) and mushrooms (or bell pepper/green beans) and cook for another 3-4 minutes until tender.', 'Once tender, add the snap peas (or corn) and cook for 1-2 minutes more or until your snap peas reach your desired texture — we prefer our peas to stay a vibrant green and be a little crunchy.', 'Taste the broth and adjust as needed, adding lime juice for brightness (we added 1 Tbsp or 15 ml), more coconut aminos or tamari for overall flavor/saltiness, or more red pepper flakes for heat.', 'To serve, divide noodles between serving bowls and ladle the soup over the top. Garnish with chopped mint or cilantro, roasted peanuts or cashews, or lime or lemon wedges (all optional).', 'Store any leftover soup and noodles separately in the refrigerator for up to 3-4 days, or freeze the soup (without noodles) for up to 1 month.']"
Unknown,https://minimalistbaker.com/recipe-index/?fwp_special-diet=gluten-free,[],[]
Unknown,https://minimalistbaker.com/recipe-index/?fwp_special-diet=dairy-free,[],[]
Unknown,https://minimalistbaker.com/recipe-index/?fwp_special-diet=refined-sugar-free,[],[]
Unknown,https://minimalistbaker.com/recipe-index/,[],[]
Unknown,https://minimalistbaker.com/everyday-cooking/,[],[]
Unknown,https://minimalistbaker.com/shop/,[],[]
Unknown,https://minimalistbaker.com/about,[],[]
Unknown,https://minimalistbaker.com/privacy-policy,[],[]
Unknown,https://minimalistbaker.com/terms-of-service,[],[]
